{"acc": 0.7488653179899452, "loss": 0.1984241745544175, "_timestamp": 1688253526.0915926, "_runtime": 1.2387945652008057, "_step": 7, "_wandb": {"runtime": 0}}