{"acc": 0.9104721797340137, "loss": 0.08728989649266002, "_timestamp": 1688253789.358538, "_runtime": 0.9113099575042725, "_step": 97, "_wandb": {"runtime": 0}}