{"acc": 0.8586785587474649, "loss": 0.14205102376366202, "_timestamp": 1688253680.0254703, "_runtime": 0.8788981437683105, "_step": 97, "_wandb": {"runtime": 0}}