{"acc": 0.956452795762238, "loss": 0.04578377433260504, "_timestamp": 1688253891.8395433, "_runtime": 0.7501194477081299, "_step": 97, "_wandb": {"runtime": 0}}