{"acc": 0.9672029903152718, "loss": 0.03960695510818784, "_timestamp": 1688253737.983068, "_runtime": 0.8223180770874023, "_step": 97, "_wandb": {"runtime": 0}}