{"acc": 0.8571950093277247, "loss": 0.10870032571215936, "_timestamp": 1688253540.6626337, "_runtime": 0.779639720916748, "_step": 7, "_wandb": {"runtime": 0}}